file,person
face-001.jpg,p01
face-002.jpg,p01
face-003.jpg,p03
face-004.jpg,p03
face-005.jpg,p02
face-006.jpg,p02
face-007.jpg,p15
face-008.jpg,p15
face-009.jpg,p14
face-010.jpg,p14
asaf-01.jpg,p03
asaf-02.jpg,p03
asaf-03.jpg,p03
asaf-04.jpg,p03
asaf-05.jpg,p03
asaf-06.jpg,p03
asaf-07.jpg,p03
asaf-08.jpg,p03
gilad-01.jpg,p14
gilad-02.jpg,p14
gilad-03.jpg,p14
gilad-04.jpg,p14
gilad-06.jpg,p14
gilad-07.jpg,p14
gilad-08.jpg,p14
gilad-09.jpg,p14
iddo-01.jpg,p02
iddo-02.jpg,p02
iddo-03.jpg,p02
iddo-04.jpg,p02
iddo-05.jpg,p02
iddo-06.jpg,p02
iddo-07.jpg,p02
iddo-08.jpg,p02
miriam-01.jpg,p15
miriam-02.jpg,p15
miriam-03.jpg,p15
miriam-04.jpg,p15
miriam-05.jpg,p15
miriam-06.jpg,p15
miriam-07.jpg,p15
miriam-08.jpg,p15
yael-01.jpg,p01
yael-02.jpg,p01
yael-03.jpg,p01
yael-04.jpg,p01
yael-05.jpg,p01
yael-06.jpg,p01
yael-07.jpg,p01
yael-08.jpg,p01
carmel-01.jpg,p05
carmel-02.jpg,p05
carmel-03.jpg,p05
carmel-04.jpg,p05
carmel-05.jpg,p05
carmel-06.jpg,p05
carmel-07.jpg,p05
carmel-08.jpg,p05
carmel-09.jpg,p05
carmel-10.jpg,p05
or-01.jpg,p08
or-02.jpg,p08
or-03.jpg,p08
or-04.jpg,p08
or-05.jpg,p08
or-06.jpg,p08
or-07.jpg,p08
or-08.jpg,p08
or-09.jpg,p08
or-10.jpg,p08
yarden-01.jpg,p04
yarden-02.jpg,p04
yarden-03.jpg,p04
yarden-04.jpg,p04
yarden-05.jpg,p04
yarden-06.jpg,p04
yarden-07.jpg,p04
yarden-08.jpg,p04
yarden-09.jpg,p04
yarden-10.jpg,p04
